date_of_birth,id,first_name,rank,religion,last_name
09/02/1998,1,Madelene,Corporal,Druze,McDougal
4/30/2011,2,Kerwin,Lieutenant,Zoroastrian,Cordingly
6/14/1997,3,Blakeley,Lieutenant,Muslim,Alecock
02/12/2003,4,Domingo,General,Jewish,Wildgoose
06/09/1998,5,Lori,Captain,Zoroastrian,Slorance
9/19/1986,6,Trixie,Sergeant,Christian,Pettiward
05/06/2015,7,Paco,Colonel,Zoroastrian,Campelli
01/11/1985,8,Rochelle,Colonel,Jewish,Shotter
10/02/1999,9,Kile,Private,Hindu,Bebis
11/11/2008,10,Hodge,Private,Hindu,Upton
4/17/1988,11,Moira,Major,Sikh,Rosengren
11/06/1987,12,Fredericka,Corporal,Buddhist,Frail
7/29/1983,13,Kerry,General,Hindu,Foort
11/14/1988,14,Shay,General,Jewish,Kinson
9/26/1984,15,Krishna,Lieutenant,Jewish,Lewer
6/26/2005,16,Burke,Colonel,Christian,Sotheby
11/14/1987,17,Rakel,Sergeant,Druze,Conigsby
7/26/2020,18,Mikel,Colonel,Druze,Kennler
10/31/1980,19,Dorette,Captain,Muslim,Killough
01/12/1994,20,Harris,General,Muslim,Summerbell
12/28/2013,21,Valenka,Corporal,Druze,Paddick
10/10/1998,22,Roderick,Captain,Christian,Terrans
11/22/2013,23,Bab,Colonel,Jewish,Warden
10/30/1996,24,Andreas,Lieutenant,Druze,Reardon
08/03/2008,25,Antoinette,Lieutenant,Sikh,Troker
03/08/1999,26,Angelle,Corporal,Druze,Cousen
9/24/2017,27,Diahann,Private,Buddhist,Norvill
03/08/2000,28,Lavena,Corporal,Buddhist,Dossett
11/08/1997,29,Scotty,Captain,Druze,Tremayne
2/19/2016,30,Forbes,Colonel,Jewish,Dymott
01/01/2013,31,Brittne,Lieutenant,Jewish,Bierling
4/19/1997,32,Halsy,General,Hindu,Dursley
2/28/2007,33,Guy,Colonel,Druze,Maddie
11/21/1984,34,Stoddard,Major,Muslim,Jeste
02/02/1987,35,Louisa,General,Zoroastrian,Geldeard
6/24/2013,36,Flossie,Major,Hindu,Martusov
01/06/2009,37,Nettle,General,Buddhist,Angric
06/07/2013,38,Colby,Private,Muslim,Billett
02/08/1995,39,Mandi,General,Jewish,Brendeke
1/15/2007,40,Linus,Colonel,Jewish,Balchen
11/11/2010,41,Janessa,Colonel,Christian,Tumasian
7/21/2003,42,Cinderella,Colonel,Sikh,Samber
3/17/1998,43,Franzen,Lieutenant,Muslim,Crock
10/13/2000,44,Aida,Lieutenant,Buddhist,Riedel
09/05/1994,45,Anallise,Colonel,Hindu,Sudell
08/06/1989,46,Annora,Sergeant,Sikh,Gallager
05/03/2001,47,Rheta,Captain,Zoroastrian,Owbridge
5/26/2021,48,Leeann,Lieutenant,Jewish,Chilver
07/11/1991,49,Dagmar,Colonel,Jewish,Rankin
7/20/1996,50,Ramonda,Colonel,Druze,Clewer
02/01/2015,51,Egon,Major,Buddhist,Bogeys
03/08/1984,52,Dulcie,Corporal,Buddhist,Quennell
11/06/1981,53,Muhammad,General,Jewish,Calender
5/24/1986,54,Betta,Private,Muslim,Bryceson
01/03/2015,55,Sena,Captain,Muslim,Jasiak
9/18/2012,56,Betta,Captain,Muslim,Alywen
3/14/2007,57,Catherin,Corporal,Zoroastrian,Barmadier
10/12/2011,58,Joyous,Corporal,Druze,Ackerman
11/17/1993,59,Elise,Colonel,Hindu,Leroux
11/27/2014,60,Pavel,Corporal,Christian,Ruckledge
09/08/2015,61,Fay,Private,Buddhist,Ianinotti
5/25/1999,62,Pebrook,Lieutenant,Zoroastrian,Borgne
06/09/2020,63,Hazel,Corporal,Buddhist,Banghe
11/12/1989,64,Shay,General,Hindu,Dabs
6/29/1998,65,Delmer,Major,Buddhist,Edgecumbe
12/11/1983,66,Cristiano,Private,Druze,Karpf
08/05/1996,67,Jolyn,General,Hindu,Bamforth
01/04/2018,68,Josy,Corporal,Jewish,Flooks
3/27/2001,69,Sybille,Major,Druze,Frosch
4/16/1987,70,Will,Colonel,Sikh,Orgee
6/15/2021,71,Karleen,Major,Buddhist,Lawtie
4/25/2017,72,Goldarina,Corporal,Christian,Hancox
04/04/2001,73,Charo,Colonel,Muslim,Mc Queen
01/11/1981,74,Hendrik,Sergeant,Buddhist,Baribal
09/06/1986,75,Russ,Lieutenant,Sikh,Tassaker
3/28/1995,76,Corty,Private,Druze,Wapplington
1/28/1989,77,Prinz,Captain,Jewish,Fortie
02/01/2000,78,Meyer,Lieutenant,Buddhist,Dunwoody
5/25/2015,79,Aube,Lieutenant,Jewish,Knowlden
02/06/1981,80,Susann,Lieutenant,Jewish,Ladbrook
11/06/2020,81,Roley,Sergeant,Jewish,Swyne
03/09/2003,82,Rae,Private,Druze,Hutchinges
6/30/2021,83,Courtney,Major,Zoroastrian,Griffoen
10/04/2008,84,Judye,Colonel,Sikh,Bramsen
05/08/1984,85,Sidney,Private,Christian,D'Oyley
7/15/2022,86,Linoel,Lieutenant,Muslim,Gwyther
08/07/1980,87,Gerik,Major,Druze,Shrimptone
03/12/2015,88,Lemuel,Corporal,Sikh,Morfey
7/28/1987,89,Melvin,General,Christian,Russen
8/15/1992,90,Layne,Corporal,Jewish,Fenwick
06/09/1984,91,Felicia,Captain,Christian,Samuel
6/15/2006,92,Madalyn,Sergeant,Jewish,Bonafacino
07/11/2015,93,Chester,Sergeant,Druze,Barke
11/20/1996,94,Roma,Colonel,Hindu,Crayden
09/07/2009,95,Milli,Major,Sikh,Lumbly
10/25/1997,96,Julissa,General,Christian,Backshall
10/06/1987,97,Lamond,General,Jewish,Renforth
03/06/1999,98,Josi,Corporal,Christian,Choupin
05/01/1986,99,Ariadne,Captain,Sikh,Braiden
3/19/2018,100,Danya,Colonel,Jewish,Grigolashvill
8/31/1981,101,Whitby,Sergeant,Zoroastrian,Tottie
11/05/2005,102,Joelie,Lieutenant,Buddhist,Byre
5/24/1984,103,Alane,Major,Zoroastrian,Dyos
8/18/1984,104,Cameron,Lieutenant,Muslim,Haseman
12/29/1989,105,Silvie,General,Jewish,Izzatt
1/22/1994,106,Darren,Private,Hindu,Harkins
12/26/2021,107,Wynnie,Major,Hindu,Krollman
9/27/2020,108,Amii,Colonel,Zoroastrian,Halstead
06/12/2022,109,Melisandra,Major,Druze,Cosby
07/02/1996,110,Marjorie,General,Hindu,Marjanski
3/25/2014,111,Herminia,General,Jewish,O'Looney
5/28/2012,112,Emlynn,Private,Buddhist,McGillivray
01/02/2004,113,Jacob,Captain,Druze,Kenner
02/03/2007,114,Birk,Sergeant,Druze,Rouzet
07/10/1989,115,Julieta,Corporal,Sikh,Field
11/18/1999,116,Jaquenette,Major,Christian,Bentick
6/23/1994,117,Red,Colonel,Jewish,Adiscot
11/15/2015,118,Wiley,Colonel,Sikh,Reeder
03/02/2010,119,Rikki,Major,Sikh,Dunkersley
10/31/2010,120,Nissie,Corporal,Buddhist,Aspital
04/09/2012,121,Steven,General,Sikh,Backe
2/29/2020,122,Chiquia,Colonel,Druze,Arpin
09/05/1986,123,Rachele,Corporal,Sikh,Duffie
3/19/1995,124,Eleanora,General,Zoroastrian,Sharrock
11/20/1994,125,Allys,Lieutenant,Zoroastrian,Treagust
03/07/2011,126,Bradley,Lieutenant,Zoroastrian,Tuddall
9/30/1989,127,Dru,Corporal,Zoroastrian,Housin
7/22/2007,128,Nial,Lieutenant,Jewish,Whitehorne
4/28/2010,129,Amandy,Private,Zoroastrian,Fontin
8/18/2020,130,Gilbertina,Major,Sikh,Gethins
10/30/2022,131,Louisa,Lieutenant,Hindu,Gillyatt
4/14/2006,132,Tyrus,Major,Buddhist,Kondratenko
2/16/1995,133,Ebenezer,Lieutenant,Sikh,Casoni
5/28/2003,134,Alric,Sergeant,Muslim,de Chastelain
10/18/1996,135,Noby,Captain,Hindu,Jaggard
3/25/2012,136,Trevor,Corporal,Zoroastrian,Arbor
4/13/2002,137,Izzy,Colonel,Christian,Stansfield
05/03/1995,138,Debbie,General,Muslim,Bromhead
02/12/2022,139,Philly,Lieutenant,Buddhist,Sieve
7/17/2017,140,Ceciley,Private,Hindu,Taggerty
09/05/1999,141,Nadean,Private,Sikh,Fitton
3/23/1989,142,Josi,General,Sikh,Redmayne
10/01/2007,143,Theodoric,Colonel,Sikh,Cleall
12/13/2013,144,Fabe,Lieutenant,Hindu,Kluss
9/30/1980,145,Clerkclaude,Private,Zoroastrian,Fice
3/22/2000,146,Dennet,Colonel,Zoroastrian,Mitchener
7/23/1993,147,Chiquia,Sergeant,Druze,Bahia
10/29/1987,148,Mandie,Captain,Druze,Boshers
9/24/1985,149,Adriane,Sergeant,Buddhist,Roycroft
8/25/2020,150,Estrella,General,Hindu,Leverson
8/13/2020,151,Goran,General,Sikh,Swayne
3/15/1984,152,Haily,Captain,Zoroastrian,Bastow
11/09/1999,153,Skipton,Private,Druze,Lennie
8/31/2002,154,Emmye,Corporal,Buddhist,Norheny
5/14/1986,155,Megan,Major,Hindu,Acory
04/12/2020,156,Sheri,Sergeant,Sikh,Grane
10/18/2008,157,Beitris,Sergeant,Sikh,Wilshin
3/15/2003,158,Dalia,Corporal,Muslim,Le-Good
9/28/2018,159,Everard,Sergeant,Christian,Klosterman
01/09/2005,160,Niki,Corporal,Sikh,Arthurs
08/08/1984,161,Sly,Colonel,Christian,Saye
5/21/2019,162,Chris,Private,Zoroastrian,Lukovic
08/07/2021,163,Jecho,Colonel,Muslim,McCome
6/16/2003,164,Joshia,Lieutenant,Zoroastrian,Cumbridge
3/14/2004,165,Chickie,Major,Christian,Darycott
08/12/1992,166,Cathrine,Sergeant,Druze,Ritelli
2/13/1988,167,Carmela,Private,Jewish,Thairs
08/02/2007,168,Yolane,Colonel,Zoroastrian,Baxandall
7/21/2005,169,Baron,Lieutenant,Christian,Harfleet
5/23/2004,170,Spike,Lieutenant,Jewish,Ruppeli
4/14/2018,171,Catina,Colonel,Jewish,Ibel
07/01/1985,172,Hyman,Sergeant,Buddhist,Fall
06/01/2007,173,Dukey,Captain,Jewish,Prudence
7/15/2016,174,Willi,Colonel,Muslim,Rein
2/27/1993,175,Juliann,Major,Druze,Brigshaw
1/26/2010,176,Selina,Corporal,Zoroastrian,Woodsford
06/04/1990,177,Rosamund,General,Christian,Carnie
7/20/1992,178,Darlleen,Captain,Druze,Cheshire
2/25/2018,179,Mattie,Major,Jewish,Bleeze
5/23/2001,180,Bert,Colonel,Hindu,Pietzker
02/03/1982,181,Gardie,Major,Sikh,Jessard
6/13/2000,182,Garvy,Colonel,Sikh,Cristofari
3/22/1989,183,Wallis,Lieutenant,Muslim,Harome
8/26/1986,184,Eduard,Corporal,Hindu,Gurry
01/12/1993,185,Tommy,General,Christian,McMullen
4/16/1997,186,Kilian,Colonel,Hindu,Balazot
10/06/1995,187,Malvin,Colonel,Hindu,Turland
7/28/2002,188,Bradley,Lieutenant,Druze,Annandale
7/28/1984,189,Jonah,Sergeant,Christian,Gehrtz
11/26/2021,190,Cathy,Lieutenant,Hindu,Thomelin
3/15/1987,191,Isabelle,Captain,Buddhist,Bunn
6/15/1997,192,Monica,Private,Jewish,Mc Meekin
04/08/1996,193,Orran,Sergeant,Muslim,Bremen
5/27/2009,194,Darlene,Captain,Hindu,Ambroziak
9/30/1996,195,Fraze,Captain,Hindu,Balkwill
11/22/2007,196,Ermin,Colonel,Muslim,Minkin
9/17/2004,197,Neal,Private,Jewish,Jillions
3/29/2007,198,Bayard,Corporal,Muslim,Grasha
7/29/2015,199,Cull,Private,Druze,Crowson
11/24/1998,200,Isador,Private,Muslim,Wilse
6/26/2018,201,April,Major,Hindu,Fern
4/15/2022,202,Mickie,Sergeant,Sikh,Ellif
11/04/1986,203,Germaine,Major,Jewish,Eden
9/20/2000,204,Chelsey,Major,Jewish,Karpenya
06/06/2006,205,Osbourne,General,Druze,Louys
11/01/2004,206,Gwendolyn,Major,Sikh,Denzey
1/18/2010,207,Ignacius,Colonel,Zoroastrian,Bernardt
5/25/1983,208,Eunice,Private,Druze,Elcome
01/01/2018,209,Liv,Major,Druze,Bolmann
1/26/1984,210,Morena,Major,Jewish,Renbold
04/10/1998,211,Salomo,Sergeant,Zoroastrian,Draycott
08/03/1997,212,Nikolaos,Corporal,Buddhist,Goodenough
4/30/2003,213,Weider,General,Sikh,Dudenie
10/25/2004,214,Aubrette,General,Muslim,Banner
6/29/2000,215,Emlynn,General,Christian,Biernacki
06/08/1999,216,Dukie,Lieutenant,Sikh,Warsap
1/28/2018,217,Lorens,General,Druze,Priestnall
09/01/2016,218,Henri,Major,Christian,Durant
11/19/1989,219,Evelina,Major,Christian,Brownill
01/06/2001,220,Britta,Captain,Sikh,Derisly
1/26/2009,221,Towney,Private,Druze,Cattroll
6/18/2018,222,Elton,Sergeant,Christian,Swin
08/04/2006,223,Hogan,Corporal,Zoroastrian,Romeril
12/29/2022,224,Vasily,Private,Muslim,Wall
11/09/1992,225,Tresa,Colonel,Druze,Feben
1/25/1998,226,Eden,Major,Hindu,Smitheram
10/16/2021,227,Jimmy,Corporal,Zoroastrian,Taylerson
12/21/2013,228,Troy,Private,Hindu,Simoncelli
04/11/2005,229,Breanne,Corporal,Jewish,Roust
2/15/2003,230,Stefa,Private,Hindu,Boraston
02/06/2016,231,Dietrich,Colonel,Muslim,Moncreiffe
3/31/1996,232,Josephine,General,Muslim,Daile
11/15/1980,233,Frasco,General,Hindu,Bodker
10/05/2010,234,Bryce,Colonel,Hindu,Bettles
2/22/2018,235,Winfred,Sergeant,Hindu,Minot
01/05/2014,236,Koralle,Colonel,Hindu,Doberer
10/28/1984,237,Rodolfo,Captain,Buddhist,Stockman
1/29/2010,238,Hazlett,General,Jewish,Dinsell
9/17/2004,239,Sutherlan,General,Jewish,Maytum
05/06/2014,240,Anica,Sergeant,Zoroastrian,Soitoux
07/03/2012,241,Aylmer,Colonel,Sikh,Harte
11/05/2017,242,Tamiko,Corporal,Druze,Crother
7/19/1990,243,Giana,General,Christian,Reynoldson
08/02/2018,244,Krista,Lieutenant,Muslim,Ardy
10/22/2006,245,Alyssa,Captain,Jewish,Donovan
5/14/2012,246,Marcellina,Captain,Buddhist,Lynn
8/31/1982,247,Marlane,Private,Sikh,Rebbeck
8/15/2019,248,Gayle,Private,Muslim,Lunck
05/01/1986,249,Marci,General,Buddhist,Oloman
6/21/1986,250,Reagan,Sergeant,Christian,Leaton
1/17/2017,251,Fax,Corporal,Jewish,Romayn
03/11/2012,252,Letitia,Colonel,Buddhist,Cutridge
5/31/1993,253,Godfry,Corporal,Buddhist,Bell
5/27/2012,254,Phedra,Lieutenant,Zoroastrian,Kerford
05/10/1982,255,Samara,Lieutenant,Jewish,Ianizzi
12/01/2003,256,Ansel,Private,Christian,De la Harpe
10/25/1989,257,Olivie,General,Christian,Yanshinov
4/24/2019,258,Byrle,Corporal,Hindu,Van Giffen
07/12/1997,259,Dar,Corporal,Sikh,Burd
06/08/1983,260,Hi,General,Muslim,Southcott
5/23/1980,261,Chuck,Private,Zoroastrian,Price
04/03/2009,262,Rianon,General,Druze,Folbig
5/15/1982,263,Warner,Private,Jewish,Grennan
6/30/1993,264,Jarred,Major,Zoroastrian,Switsur
12/23/1995,265,Tate,General,Hindu,Briiginshaw
9/29/1996,266,Glynis,Captain,Druze,Dorie
7/16/2016,267,Collie,General,Sikh,Cantu
12/15/2017,268,Jolie,Captain,Christian,Gaize
01/04/2016,269,Sacha,Private,Sikh,Duetschens
02/04/2006,270,Barby,Major,Druze,McIlveen
4/13/2011,271,Bourke,Major,Muslim,Sessuns
12/04/1987,272,Inness,General,Jewish,Amber
11/17/1991,273,Alberto,Corporal,Zoroastrian,Jiruca
3/31/1999,274,Margo,Private,Sikh,Dincey
10/30/1989,275,Maryjo,General,Druze,Jellings
01/08/1997,276,Sandor,Major,Buddhist,McCarrick
9/29/2010,277,Sibley,Lieutenant,Zoroastrian,Cattenach
12/16/2007,278,Guillaume,Captain,Druze,Sandyford
07/11/2006,279,Merrill,General,Hindu,Allaker
11/27/2010,280,Rosene,Sergeant,Sikh,Wallege
10/28/1984,281,Isidro,Captain,Druze,Dampney
07/01/1998,282,Ana,Sergeant,Sikh,Chagg
10/06/1983,283,Wendy,Colonel,Sikh,Staneland
6/27/1996,284,Leicester,Colonel,Druze,Deavin
7/25/2002,285,Ray,Private,Jewish,Aingell
9/20/2013,286,Adelaide,Captain,Zoroastrian,Gudyer
7/30/1984,287,Brit,Major,Jewish,Sandeman
03/12/1999,288,Cecilio,Sergeant,Jewish,Floch
07/04/1980,289,Orton,Private,Druze,Stroder
8/18/2013,290,Rollie,Lieutenant,Zoroastrian,Ridings
5/19/2021,291,Rafaelia,Private,Druze,Volante
05/01/2011,292,Denver,Major,Sikh,Karpf
11/23/1992,293,Cahra,Corporal,Muslim,Chishull
6/13/1984,294,Dayle,Corporal,Muslim,Forbear
06/10/2021,295,Dona,Captain,Jewish,Killingback
05/04/2013,296,Valeda,General,Buddhist,Cadwallader
09/06/2000,297,Gaby,Corporal,Muslim,Baston
3/19/2009,298,Moira,Major,Buddhist,Degnen
12/16/2004,299,Hinda,Lieutenant,Buddhist,Makeswell
1/19/2017,300,Arin,Private,Sikh,Tippings
10/06/1985,301,Helli,Colonel,Druze,Peacey
12/03/2013,302,Elenore,Sergeant,Druze,Stitson
3/25/2017,303,Sergeant,Major,Buddhist,McGuggy
6/20/1984,304,Gradey,Colonel,Druze,Hammerberg
11/20/1996,305,Aveline,Private,Buddhist,Osmant
8/19/1989,306,Edgar,Major,Druze,Rabbage
11/24/2009,307,Susanne,Lieutenant,Buddhist,Coch
5/15/2004,308,Cassondra,Corporal,Buddhist,Took
10/27/2014,309,Sam,General,Muslim,Winstanley
05/04/2006,310,Dean,Private,Sikh,Oene
12/15/2020,311,Sherline,Private,Zoroastrian,Fuke
10/22/1982,312,Suzette,Sergeant,Druze,Tatum
10/10/2004,313,Dewey,Corporal,Zoroastrian,Landrieu
06/11/1984,314,Fayre,Lieutenant,Hindu,Coppledike
02/11/2004,315,Allister,Private,Hindu,Kett
3/19/1980,316,Rosana,Captain,Hindu,Tyhurst
12/15/1991,317,Bobinette,Major,Zoroastrian,Kenwright
08/02/2018,318,Serene,Lieutenant,Muslim,Rudkin
9/23/1990,319,Trixy,General,Jewish,DeSousa
2/16/1989,320,Kati,Captain,Hindu,Hiscoke
8/14/2020,321,Mohandas,Private,Christian,Bennedick
6/16/1986,322,Barnie,Captain,Buddhist,Iston
2/20/1992,323,Nancee,Major,Hindu,Lamy
12/22/2012,324,Sonny,Private,Sikh,MacKissack
12/29/2010,325,Ardra,Private,Hindu,Barchrameev
3/28/1982,326,Lin,Captain,Druze,Buttrick
2/19/1985,327,Irv,Colonel,Muslim,Scarratt
2/14/1994,328,Temple,Sergeant,Zoroastrian,Spinas
09/10/2009,329,Ariadne,Sergeant,Sikh,Bernardy
02/11/1980,330,Elyn,Corporal,Jewish,Howard
3/18/2021,331,Suzy,Major,Buddhist,Levesley
09/02/2004,332,Corby,Lieutenant,Zoroastrian,Breckell
9/22/1983,333,Ailsun,Corporal,Jewish,Shearer
2/18/2003,334,Humphrey,Captain,Christian,Dunaway
04/04/2001,335,Rabi,Lieutenant,Hindu,Villaret
12/11/2004,336,Kale,Captain,Druze,Sterzaker
9/26/2014,337,Amata,Captain,Jewish,Bingall
8/31/1986,338,Padget,Captain,Christian,Bakes
11/05/1985,339,Jed,Lieutenant,Buddhist,Gaenor
10/21/1987,340,Arlee,Lieutenant,Buddhist,Sexcey
04/04/1980,341,Fabio,Captain,Jewish,Beggan
9/21/2016,342,Tybalt,Colonel,Buddhist,Measom
2/23/2004,343,Alvinia,Captain,Christian,Rubenov
11/14/2009,344,Karena,Captain,Hindu,Eldred
10/28/1986,345,Benedikta,Colonel,Jewish,Gyford
06/09/1981,346,Cirilo,Captain,Sikh,Garred
9/29/1983,347,Reta,Major,Christian,Barrasse
12/16/1980,348,Jayne,Sergeant,Zoroastrian,Alvares
10/21/2004,349,Ruthanne,General,Buddhist,Rome
12/30/2010,350,Lacy,Colonel,Christian,Destouche
10/11/2017,351,Wolfy,Lieutenant,Christian,Zoane
03/11/1983,352,Lion,General,Zoroastrian,Lambertz
3/19/2014,353,Thedrick,Captain,Jewish,Runnett
8/26/1981,354,Elwin,General,Muslim,Mugford
01/05/1982,355,Brock,Private,Sikh,Kupka
12/10/1998,356,Savina,Major,Buddhist,Peterken
11/16/1983,357,Helenelizabeth,Sergeant,Sikh,McParland
3/28/2021,358,Madelle,Corporal,Hindu,McCarroll
12/15/1998,359,Crawford,Captain,Druze,Bunclark
10/15/2008,360,Barbee,Sergeant,Jewish,Boatman
6/13/1991,361,Esra,General,Jewish,Farrants
11/20/1994,362,Harman,Corporal,Jewish,Face
12/15/2017,363,Barrie,Major,Jewish,McLardie
07/06/1994,364,Jessey,Sergeant,Hindu,Oxshott
12/13/2018,365,Kilian,Sergeant,Druze,Fridd
4/13/2020,366,Delmore,Lieutenant,Buddhist,Jellard
11/03/1987,367,Gregoire,Sergeant,Buddhist,Mathevet
6/23/2003,368,Margot,General,Hindu,Siddele
7/15/2010,369,Herman,Captain,Sikh,Cordingly
07/02/1995,370,Vasilis,Sergeant,Buddhist,Golden of Ireland
9/18/1992,371,Salmon,Sergeant,Muslim,Betun
9/29/2018,372,Merry,Major,Druze,Shrimptone
12/20/1989,373,Ivonne,Captain,Christian,Nesey
01/02/2006,374,Brodie,Colonel,Druze,Lerhinan
11/08/2015,375,Gilles,Lieutenant,Buddhist,Jaskowicz
03/06/1990,376,Hyatt,Captain,Zoroastrian,Kampshell
10/07/2011,377,Rosabelle,Corporal,Buddhist,Carlyon
1/21/2004,378,Chloette,Sergeant,Zoroastrian,Izakson
8/17/2007,379,Lonna,Captain,Sikh,Withams
01/12/2000,380,Tiffani,General,Sikh,Gronauer
12/28/2002,381,Garrick,Major,Buddhist,Beatey
05/04/1987,382,Arie,Lieutenant,Hindu,Voice
2/22/1980,383,Una,Private,Jewish,Geaveny
8/17/1989,384,Jodie,Lieutenant,Hindu,Gatesman
9/30/1993,385,Ronica,Major,Hindu,Trembath
5/14/2007,386,Kerrie,Lieutenant,Jewish,Tremouille
9/28/2004,387,Karoly,Corporal,Jewish,Wickenden
7/28/2014,388,Ara,Private,Hindu,O'Connor
4/26/1984,389,Ikey,Corporal,Buddhist,Poundford
03/03/2021,390,Dewie,Corporal,Buddhist,Kobelt
5/17/2009,391,Boyd,Colonel,Zoroastrian,Honnan
03/05/2015,392,Kristofor,Lieutenant,Jewish,Sandeson
06/06/1996,393,Sydelle,Captain,Christian,Maior
01/08/1994,394,Kiri,Private,Zoroastrian,Croxton
12/16/2003,395,Helenelizabeth,Colonel,Hindu,Goldin
10/16/1990,396,Gordan,Lieutenant,Buddhist,Vaan
02/03/2008,397,Hewie,Corporal,Muslim,Whelpton
5/24/1993,398,Benedetto,Corporal,Zoroastrian,Beal
12/25/2009,399,Leandra,Sergeant,Druze,Kubiczek
4/21/1987,400,Goraud,Major,Jewish,Kener
08/06/1989,401,Fallon,Lieutenant,Sikh,Mullard
03/07/2009,402,Ed,Sergeant,Sikh,Kesteven
07/03/2020,403,Birgitta,Corporal,Zoroastrian,Frediani
06/05/1997,404,Martie,Private,Jewish,Malia
9/28/2005,405,Townie,Colonel,Christian,Bromby
5/24/2015,406,Heindrick,Colonel,Sikh,Lett
4/17/2016,407,Lianna,Captain,Sikh,Jouannot
09/01/1993,408,Iggie,Private,Sikh,Kelf
12/04/2012,409,Andra,Captain,Druze,Gascoigne
12/12/2017,410,Theressa,General,Druze,Janic
05/08/1999,411,Bertrando,Major,Sikh,Murfill
04/01/1996,412,Alberto,Corporal,Muslim,Russilll
11/11/2006,413,Don,Lieutenant,Zoroastrian,Satyford
09/09/1987,414,Levy,Sergeant,Sikh,White
7/30/2001,415,Jecho,Corporal,Muslim,Jellman
05/06/1982,416,Brinn,Private,Hindu,Blakeborough
8/25/2005,417,Kaitlin,Colonel,Muslim,Huggens
4/18/2009,418,Abe,Corporal,Christian,Tebbs
11/01/2009,419,Irene,Captain,Muslim,Pearson
11/21/2014,420,Ricki,Sergeant,Muslim,Whatley
8/29/1989,421,Mavis,Captain,Zoroastrian,Bendel
12/25/2002,422,Rogers,Colonel,Jewish,Gardener
03/03/2007,423,Thomasina,Corporal,Jewish,Shinfield
10/18/1980,424,Bern,Lieutenant,Buddhist,Whitloe
03/07/2021,425,Ruperto,Captain,Christian,Lillyman
5/20/2008,426,Zondra,Major,Buddhist,Billiard
12/21/2001,427,Taddeusz,Sergeant,Buddhist,Roycroft
7/17/2020,428,Deirdre,Corporal,Buddhist,Beushaw
2/24/2018,429,Aurora,Lieutenant,Muslim,Stepney
3/14/1985,430,Laurice,Sergeant,Jewish,Tolomelli
08/05/2014,431,Joletta,General,Christian,Rapi
01/05/1984,432,Cindra,General,Buddhist,Kingcote
06/06/1999,433,Aidan,Sergeant,Sikh,Janway
11/12/1991,434,Daniel,General,Hindu,Courcey
9/29/2022,435,Lari,Sergeant,Zoroastrian,Gummie
5/21/1990,436,Britt,Corporal,Zoroastrian,Filippi
4/26/1983,437,Annmaria,Sergeant,Christian,Stebbings
1/22/2017,438,Court,Corporal,Zoroastrian,Prettjohn
05/09/2002,439,Eloise,Lieutenant,Hindu,Mateiko
09/11/1984,440,Jaine,Captain,Buddhist,Meggison
8/25/1984,441,Chev,Colonel,Druze,Tallis
10/05/1995,442,Florrie,Major,Jewish,Clemerson
6/30/1987,443,Maurise,Captain,Jewish,Regi
3/27/2002,444,Vannie,Sergeant,Hindu,Castellan
2/21/1999,445,Rutger,Captain,Jewish,Barnaby
1/24/2009,446,Jarib,Captain,Buddhist,Hurring
05/04/1991,447,Lorant,Major,Christian,Durnford
01/12/1981,448,Julienne,General,Sikh,Karlqvist
04/11/1984,449,Ara,Corporal,Muslim,Angier
2/20/1994,450,Kimmi,Captain,Christian,Gogan
03/10/2021,451,Elaine,Private,Muslim,Sarney
8/16/1981,452,Rafaela,Private,Sikh,Swadlin
03/01/1990,453,Lil,Sergeant,Hindu,Foyle
4/28/2022,454,Fayth,Major,Buddhist,Cristoferi
2/22/1993,455,Arabela,Private,Jewish,covino
9/18/2000,456,Pietro,Colonel,Christian,McColgan
1/27/1987,457,Delmore,General,Buddhist,Hanbury
1/13/2014,458,Jarid,Sergeant,Buddhist,D'Agostini
02/12/1983,459,Alford,Corporal,Hindu,Lamming
06/10/2004,460,Arni,Major,Muslim,Covendon
06/10/1995,461,Kylila,Colonel,Zoroastrian,Lathwood
4/29/2002,462,Lenette,Captain,Christian,Legerton
03/09/1995,463,Bart,Corporal,Christian,Husbands
01/10/2000,464,Jacenta,Major,Jewish,Hastings
09/10/1998,465,Rani,General,Hindu,Jane
02/11/2001,466,Marlene,Colonel,Zoroastrian,Cater
03/04/1983,467,Jenna,General,Muslim,Drewry
12/20/2014,468,Patsy,General,Zoroastrian,Hrishanok
03/06/2012,469,Herschel,General,Jewish,Brims
11/03/2008,470,Jacobo,Major,Druze,Lavell
10/21/2016,471,Nerissa,General,Muslim,Charpin
10/31/2011,472,Arlyne,Lieutenant,Sikh,Lacey
05/01/1992,473,Kayne,General,Christian,Rainy
9/27/1989,474,Claudio,General,Buddhist,Gabb
10/08/1983,475,Reena,Lieutenant,Christian,Lyfield
3/18/1994,476,Flo,Colonel,Zoroastrian,Umfrey
4/29/1986,477,Beulah,Corporal,Muslim,Berwick
03/12/1991,478,Guillema,Colonel,Sikh,Leates
08/03/2022,479,Bobbette,Sergeant,Zoroastrian,Eagling
09/12/2013,480,Sammy,Lieutenant,Hindu,MacIan
03/08/2011,481,Silvanus,General,Christian,Lingwood
04/12/1995,482,Suzanne,Private,Druze,Startin
12/24/2018,483,Ragnar,Lieutenant,Christian,Rizzetti
5/21/2019,484,Virgina,Captain,Buddhist,Pumfrey
10/30/2014,485,Miguelita,Colonel,Muslim,Gilberthorpe
1/18/2013,486,Mercedes,Major,Buddhist,Bielfeldt
9/18/1994,487,Ferdinande,Lieutenant,Zoroastrian,Le Fevre
5/17/1990,488,Angil,Captain,Buddhist,Coathup
8/18/2019,489,Shaina,Major,Zoroastrian,Hedon
10/31/2019,490,Jennie,Lieutenant,Muslim,Fawssett
6/22/1990,491,Gaylor,Private,Hindu,Olkowicz
11/14/1996,492,Verna,General,Christian,Chadwell
7/15/2012,493,Nomi,Private,Hindu,Hinder
08/01/1997,494,Pepita,Captain,Hindu,Yurasov
09/08/1995,495,Allistir,Lieutenant,Druze,Walch
3/16/1981,496,Madelle,Sergeant,Sikh,Burde
12/27/1980,497,Brandice,Colonel,Buddhist,Kirton
9/20/2002,498,Siward,Colonel,Sikh,Ruddiforth
01/03/1987,499,Berny,Private,Sikh,Rassmann
02/12/2016,500,Merridie,Lieutenant,Druze,Pledge
8/30/2015,501,Ricki,General,Jewish,Cullinane
7/15/2003,502,Lennard,Colonel,Jewish,Finding
08/01/1996,503,Eba,Private,Zoroastrian,Stocking
9/18/1980,504,Alyson,Sergeant,Zoroastrian,Shovelbottom
08/12/2006,505,Randie,Captain,Sikh,Dulanty
11/20/1998,506,Giorgi,Sergeant,Jewish,Garron
12/04/1994,507,Kimbell,Colonel,Buddhist,Crate
07/01/2004,508,Ulla,Sergeant,Druze,Gildersleaves
08/08/2015,509,Darren,Corporal,Hindu,Powell
03/07/1989,510,Roi,General,Sikh,Robbeke
07/07/1993,511,Avivah,Corporal,Sikh,Darington
11/16/2009,512,Georgianne,Private,Sikh,Comsty
5/27/1992,513,Anestassia,Captain,Sikh,Gitsham
8/24/1991,514,Englebert,Lieutenant,Zoroastrian,Yeulet
02/05/2006,515,Ermanno,Private,Muslim,Cammidge
08/06/2011,516,Elinor,Captain,Muslim,Cleworth
10/03/2005,517,Britteny,General,Sikh,Newcombe
11/23/2009,518,Vernice,Private,Druze,Frearson
07/10/2001,519,Jeff,Lieutenant,Muslim,Sawnwy
12/08/2005,520,Row,General,Buddhist,MacTrustie
6/16/2019,521,Vassily,Private,Zoroastrian,VanBrugh
6/24/1997,522,Broderic,Colonel,Hindu,Bozier
07/12/1997,523,Quill,Corporal,Sikh,Mitton
3/21/1992,524,Maddy,Private,Muslim,Nestle
02/11/1991,525,Patti,Captain,Hindu,Giamitti
07/10/2021,526,Myer,Lieutenant,Hindu,Brade
7/13/2004,527,Karim,Corporal,Sikh,Raatz
8/23/1999,528,Trixi,Major,Zoroastrian,Sate
9/17/1985,529,Karl,Colonel,Christian,Emor
11/22/2002,530,Morly,Major,Christian,Bart
6/27/1995,531,Hansiain,Captain,Sikh,Hinstridge
10/15/1986,532,Drusie,Colonel,Sikh,Aslott
8/14/1985,533,Hurlee,General,Druze,Bustin
11/20/1998,534,Kele,Private,Druze,Nortunen
5/15/2000,535,Claiborn,Sergeant,Sikh,Bruggeman
10/04/2008,536,Esta,Sergeant,Buddhist,Proback
7/14/2006,537,Godfree,Sergeant,Buddhist,Pont
12/06/1987,538,Arther,Sergeant,Jewish,Rome
11/30/1994,539,Myriam,Sergeant,Jewish,Coyett
11/26/1986,540,Dorey,Sergeant,Christian,Greystock
06/03/2022,541,Mohandis,Lieutenant,Sikh,Patsall
11/11/2021,542,Marleen,Colonel,Jewish,Kubis
12/19/2014,543,Thea,Sergeant,Jewish,Wherton
11/25/2011,544,Mattie,Corporal,Druze,Skule
3/23/2008,545,Mona,Captain,Jewish,Simond
07/03/2010,546,Lani,Private,Buddhist,Giacobilio
2/17/2004,547,Kelsey,Captain,Jewish,Desmond
09/02/2018,548,Florina,Captain,Sikh,McIlmurray
04/04/1998,549,Fayina,General,Buddhist,Josefsson
02/05/1992,550,Jessa,Captain,Sikh,Atrill
11/22/1992,551,Edgard,Private,Hindu,Gillies
9/16/1994,552,Jamima,General,Druze,Balcock
10/19/2018,553,Daria,General,Muslim,Ollier
03/05/1988,554,Lura,General,Hindu,Langcaster
1/20/2003,555,Wang,General,Christian,Moss
7/25/2016,556,Cynthea,General,Zoroastrian,Askey
11/16/2003,557,Kristopher,Corporal,Zoroastrian,Bonnell
06/11/1980,558,Theodosia,Private,Muslim,Townrow
10/18/1981,559,Marguerite,Private,Zoroastrian,Manger
11/12/2015,560,Camey,Corporal,Druze,Dibner
07/07/1993,561,Retha,Sergeant,Sikh,Meanwell
9/24/1988,562,Denver,Private,Jewish,Neilan
2/24/1993,563,Ugo,General,Zoroastrian,Zecchinelli
06/06/1998,564,Claire,Captain,Christian,Humphery
3/28/1997,565,Abigael,Sergeant,Jewish,Ayars
6/19/2002,566,Hilly,Corporal,Muslim,Stanbra
07/11/1993,567,Jori,Private,Druze,Kiffe
09/10/1992,568,Jermain,Lieutenant,Hindu,Doerling
3/27/2003,569,Denny,Lieutenant,Sikh,Paget
11/03/1980,570,Michell,Lieutenant,Buddhist,Novichenko
9/20/2000,571,Joyous,Captain,Buddhist,Darinton
2/19/2010,572,Lissie,Private,Muslim,Rogan
3/17/1997,573,Zsazsa,General,Jewish,Jordan
10/22/1997,574,Geneva,Captain,Sikh,Balderson
5/16/1983,575,Megen,Captain,Hindu,Petranek
11/02/1990,576,Nonah,Private,Druze,Budnik
7/16/2000,577,Karie,Corporal,Muslim,Luffman
12/08/1981,578,Barbaraanne,Lieutenant,Jewish,Lyddyard
9/14/2005,579,Laure,Colonel,Druze,Bidnall
4/13/1989,580,Dante,Lieutenant,Druze,Pridgeon
03/10/1991,581,Lynnette,Private,Muslim,Millins
11/30/1998,582,Felicdad,Lieutenant,Muslim,Di Lucia
4/23/1994,583,Shelly,Sergeant,Sikh,Iacapucci
3/29/2015,584,Myra,General,Muslim,Caulliere
6/17/2020,585,Renaud,Lieutenant,Hindu,Calcraft
8/22/2015,586,Aigneis,Colonel,Zoroastrian,Flea
12/21/2019,587,Appolonia,Captain,Druze,Korba
2/25/1996,588,Angeline,Major,Druze,Belin
12/23/1995,589,Rab,Lieutenant,Buddhist,Hymers
05/03/1989,590,Kalie,Captain,Zoroastrian,Dewdney
04/01/1987,591,Jaclyn,Colonel,Sikh,Linforth
4/13/1984,592,Cami,Captain,Sikh,Dinsell
9/15/1999,593,Bastien,Private,Zoroastrian,Lethby
04/07/1983,594,Vance,Private,Christian,Brickdale
06/11/2017,595,Phineas,Captain,Jewish,Sackler
06/07/2005,596,Mead,Sergeant,Jewish,Troy
11/11/1999,597,Giustina,Major,Zoroastrian,Hawksley
10/02/2004,598,Sascha,Colonel,Sikh,Foye
9/24/2012,599,Angus,Corporal,Christian,Rittmeier
9/14/2012,600,Moselle,Corporal,Muslim,Durtnall
5/28/2012,601,Shelby,Colonel,Christian,Tume
9/20/1998,602,Vance,Captain,Christian,Easbie
12/28/1996,603,Kimberley,Lieutenant,Hindu,Paulson
10/28/2015,604,Becka,Lieutenant,Jewish,Verney
7/30/2018,605,Tedie,Lieutenant,Sikh,Florentine
8/28/2013,606,Cletis,Sergeant,Christian,Lawrie
01/11/2019,607,Renaldo,Captain,Muslim,Spraberry
9/18/2002,608,Judah,Colonel,Muslim,Giorgetti
08/05/1995,609,Dickie,Lieutenant,Muslim,Jeduch
07/04/1991,610,Almeda,Corporal,Jewish,Potteridge
10/20/2003,611,Shelley,Sergeant,Muslim,Alennikov
7/30/1988,612,Bondy,Major,Zoroastrian,Downage
12/14/2019,613,Shina,Lieutenant,Christian,Boorer
5/20/2020,614,Billye,Sergeant,Druze,Menlow
08/10/2006,615,Kain,Sergeant,Sikh,McRinn
6/22/1984,616,Winnah,General,Hindu,Rabson
6/24/2020,617,Allin,General,Buddhist,Webb-Bowen
11/30/1995,618,Salvador,Colonel,Hindu,Vernon
5/26/2010,619,Prudi,General,Sikh,Kiley
09/02/2017,620,Kiley,Sergeant,Hindu,Quinnette
10/28/1987,621,Kile,Private,Christian,De Micoli
12/25/1998,622,Mahmud,Major,Hindu,Chartman
05/08/1992,623,Dewitt,Corporal,Muslim,Jolliman
5/22/1991,624,Newton,Captain,Muslim,Dondon
02/10/2015,625,Lisetta,Corporal,Hindu,Bambrough
01/05/1984,626,Allan,Sergeant,Jewish,Billion
7/18/1995,627,Horten,Major,Jewish,Tudhope
5/17/2018,628,Aleen,Colonel,Sikh,Grimster
11/08/2009,629,Eamon,Sergeant,Muslim,Haruard
3/19/1988,630,Jesselyn,Lieutenant,Druze,Sea
03/04/2005,631,Ahmed,Lieutenant,Druze,Bounde
08/11/1991,632,Nels,Lieutenant,Jewish,Glascott
11/14/1997,633,Gerry,Sergeant,Sikh,Taillard
8/21/2007,634,Reinwald,Sergeant,Jewish,Guillon
5/19/2018,635,Karlotta,Private,Druze,Tierny
04/01/2013,636,Trescha,Colonel,Buddhist,Lie
11/06/1996,637,Stephi,Corporal,Sikh,Zimek
6/26/2007,638,Ara,Private,Druze,Willison
02/08/2011,639,Les,Captain,Hindu,Ludlamme
7/21/2003,640,Teddie,Lieutenant,Druze,Profit
08/09/1980,641,Brynna,Private,Christian,Willgoose
02/11/2011,642,Ree,Colonel,Sikh,Vaughton
11/29/1987,643,Sherill,Sergeant,Druze,Laboune
08/11/1987,644,Juliana,Lieutenant,Sikh,Gristock
4/25/2005,645,Ezra,Corporal,Christian,Botwright
1/16/1982,646,Merissa,Corporal,Zoroastrian,Beeckx
8/29/1986,647,Elsy,Private,Jewish,McLugish
5/28/1983,648,Alessandro,Colonel,Christian,Swadlen
7/20/2011,649,Dynah,General,Muslim,Itzkowicz
9/13/2018,650,Seymour,Private,Sikh,Drivers
11/20/2017,651,Alfie,Corporal,Jewish,Coggan
11/19/1985,652,Kennedy,Captain,Hindu,Ivshin
7/14/1987,653,Jan,Lieutenant,Sikh,Conibeer
07/08/2016,654,Cristina,Captain,Buddhist,Giggs
02/04/1980,655,Adan,Private,Buddhist,Bignell
9/30/1983,656,Tanner,Lieutenant,Hindu,Shale
4/25/1994,657,Kiri,Sergeant,Druze,Shovelin
8/23/2010,658,Happy,General,Sikh,Skotcher
03/01/2017,659,Cristin,General,Zoroastrian,Vigrass
7/19/1984,660,Chiarra,Major,Buddhist,Deshorts
3/23/2008,661,Ginnie,Major,Sikh,Vallentin
1/27/2005,662,Lindsey,Colonel,Sikh,Goosey
06/05/1993,663,Rowe,Private,Buddhist,Saffon
03/01/1987,664,Fulvia,Sergeant,Buddhist,Duffit
6/15/2016,665,Ignacio,Lieutenant,Buddhist,Breitling
11/08/2015,666,Dicky,General,Christian,Mickleborough
09/09/2014,667,Mahala,Captain,Jewish,Kilmartin
9/19/1983,668,Auroora,Corporal,Sikh,Aldins
05/05/2011,669,Haskel,Major,Muslim,Efford
05/06/2007,670,Sander,Corporal,Buddhist,Sandall
1/23/2008,671,Ysabel,Major,Christian,Clamp
2/14/1994,672,Beatrice,Captain,Jewish,Shillitto
2/24/2011,673,Reamonn,Major,Muslim,Sanson
11/21/1999,674,Caril,Sergeant,Muslim,Humby
06/11/1986,675,Pietra,Private,Zoroastrian,Scartifield
11/13/2017,676,Falito,Major,Druze,Bloyes
5/18/1981,677,Juana,General,Hindu,Lys
3/22/2018,678,Ofilia,Private,Buddhist,Blackston
01/02/1981,679,Ulysses,Sergeant,Christian,Garwell
02/06/1998,680,Thomasine,Sergeant,Christian,Busse
12/29/1985,681,Beitris,Lieutenant,Druze,Rayne
6/25/2021,682,Engracia,Corporal,Druze,Huleatt
9/14/1992,683,Catlin,Sergeant,Hindu,Bohills
12/22/1981,684,Burnaby,Colonel,Sikh,Geake
6/20/2016,685,Sloane,Private,Hindu,Ertel
7/31/1995,686,Darius,Captain,Zoroastrian,Mulrean
03/02/2010,687,Nariko,Major,Buddhist,Kempston
7/16/1992,688,Willey,Private,Zoroastrian,Windybank
8/16/2001,689,Mata,General,Druze,Sailes
09/05/2021,690,Hurlee,Sergeant,Druze,Kilford
01/10/2010,691,Micky,General,Hindu,Costley
8/27/2012,692,Florencia,Colonel,Jewish,Rother
03/07/2011,693,Mia,Sergeant,Druze,Beange
7/28/1993,694,Paolo,Major,Zoroastrian,Hayth
4/15/1998,695,Brina,Captain,Zoroastrian,Gladyer
03/10/1991,696,Mareah,Corporal,Hindu,O'Sullivan
10/21/2015,697,Odelinda,Private,Druze,Ramlot
5/28/1981,698,Carlene,Major,Sikh,Shireff
01/09/2015,699,Banky,General,Buddhist,D'Alesco
2/17/2012,700,Cleve,Lieutenant,Sikh,Warin
8/18/1980,701,Gail,Colonel,Sikh,Kirley
10/17/2004,702,Maximilien,General,Hindu,Yelden
1/30/1991,703,Maisey,Major,Jewish,MacAndreis
9/26/2015,704,Ignace,General,Zoroastrian,Coleshill
3/31/2014,705,Amy,Captain,Christian,Capeloff
11/22/2011,706,Waylin,Lieutenant,Christian,Monahan
11/01/1993,707,Mabel,Private,Muslim,Chamberlayne
09/08/1995,708,Blayne,General,Buddhist,L'Hommee
03/12/2008,709,Desmond,Lieutenant,Muslim,Kitchinghan
3/13/2008,710,Elka,Private,Jewish,Coatham
4/20/2009,711,Loella,Captain,Druze,Shackesby
1/31/1981,712,Gena,Captain,Druze,MacPhail
08/01/2011,713,Tobey,Private,Muslim,Klass
02/05/1998,714,Camile,Colonel,Zoroastrian,Brookesbie
12/18/1984,715,Philomena,General,Jewish,MacCallister
12/08/2014,716,Anita,Corporal,Sikh,O'Devey
05/09/2010,717,Bree,Lieutenant,Sikh,Abele
11/07/2013,718,Charita,Captain,Muslim,MacNab
8/30/2012,719,Alida,General,Zoroastrian,Guppy
07/11/1980,720,Quinlan,Sergeant,Jewish,Burdin
1/23/2019,721,Johann,Sergeant,Christian,Detoile
01/04/1996,722,Everard,Sergeant,Jewish,McGarrity
03/03/2022,723,Ezmeralda,Major,Christian,Bramich
06/05/1985,724,Humfried,Private,Christian,Titterrell
6/25/1983,725,Lenee,General,Christian,Gorsse
2/15/1982,726,Garwood,Sergeant,Hindu,Goldberg
10/02/1989,727,Helsa,Colonel,Muslim,Niese
1/21/1982,728,Addy,Colonel,Christian,Gribbon
8/15/2006,729,Rockwell,General,Muslim,Langland
5/15/1983,730,David,General,Christian,Crosskell
1/27/2020,731,Thorsten,Corporal,Christian,Lafont
11/18/2002,732,Malinda,General,Zoroastrian,McGarry
9/20/1989,733,Onfre,Private,Sikh,Lesurf
01/10/1981,734,Vasily,Sergeant,Sikh,Sharram
07/05/2008,735,Alwyn,Colonel,Zoroastrian,Harbor
03/07/2018,736,Daren,Major,Muslim,Butterworth
02/12/1995,737,Wally,Corporal,Muslim,Byars
03/09/2019,738,Edvard,Sergeant,Buddhist,Brislan
5/27/1991,739,Jenn,Colonel,Buddhist,Dutnell
07/03/1994,740,Sidonia,General,Druze,Bickerdike
7/22/2019,741,Jasen,General,Christian,Patient
10/30/1989,742,Lammond,Private,Jewish,Martellini
4/24/1984,743,Dewain,Captain,Hindu,Addlestone
06/02/1994,744,Jakie,Captain,Buddhist,Brayne
09/03/2004,745,Clerissa,Sergeant,Druze,Dedon
8/31/2018,746,Florie,Captain,Buddhist,Delamaine
6/30/2001,747,Erastus,Private,Muslim,Uebel
11/06/1984,748,Claudia,Major,Buddhist,Sellors
12/19/1982,749,Judith,Lieutenant,Sikh,Boller
6/16/2015,750,Ephrayim,Captain,Zoroastrian,Lochrie
7/28/1998,751,Lyon,General,Zoroastrian,O'Donoghue
12/12/2016,752,Welch,Corporal,Druze,Pinner
7/28/1994,753,Katleen,Sergeant,Druze,Jearum
08/01/2018,754,Dallas,Captain,Zoroastrian,Heinish
08/08/2004,755,Mag,Major,Sikh,Peasnone
8/21/1980,756,Conrad,Sergeant,Hindu,Douce
6/20/1990,757,Tibold,General,Jewish,Housen
6/13/2014,758,Cymbre,Lieutenant,Christian,Caldroni
4/27/2021,759,Libby,Captain,Druze,Mendel
7/25/1999,760,Nesta,Private,Jewish,Hacker
01/08/2004,761,Letty,Corporal,Jewish,Alcalde
06/06/2016,762,Andrew,General,Zoroastrian,Perren
6/27/1984,763,Tabby,Sergeant,Christian,Peevor
02/10/2022,764,Brendin,Sergeant,Christian,Bolton
04/10/2018,765,Bartlett,General,Sikh,Erbe
06/05/1982,766,Archibold,Major,Zoroastrian,Briddle
01/02/2020,767,Foss,Lieutenant,Jewish,Goodier
8/15/2021,768,Tremaine,Corporal,Buddhist,Fishly
11/24/2016,769,Ashely,Major,Druze,Swinfen
8/26/2015,770,Hally,Colonel,Hindu,Forsaith
12/01/2012,771,Matti,Corporal,Buddhist,Astbery
05/11/1986,772,Chastity,Corporal,Sikh,Wadeling
09/01/2017,773,Julian,Lieutenant,Christian,Yorath
10/25/2013,774,Flor,Colonel,Jewish,Ayris
07/09/1997,775,Britt,Major,Muslim,Ruoss
2/16/2013,776,Viviyan,Private,Muslim,Broszkiewicz
11/22/1994,777,Franzen,Colonel,Christian,Brunsen
8/28/2004,778,Ilene,Major,Jewish,Lisle
2/22/1995,779,Emmeline,Private,Christian,Good
01/02/2020,780,Dynah,Major,Buddhist,Collick
08/02/1999,781,Eduard,Lieutenant,Jewish,Ebbotts
3/28/1993,782,Franciskus,Captain,Druze,Rogans
12/19/1998,783,Dagny,Colonel,Zoroastrian,Bowld
10/17/1989,784,Hermina,Major,Buddhist,Crasford
12/24/1985,785,Brandi,Major,Buddhist,Scrafton
5/22/1984,786,Shaina,Sergeant,Christian,Paulitschke
4/16/2002,787,Alvy,Corporal,Christian,Chimienti
8/15/1994,788,Ario,Private,Christian,Lease
11/13/1990,789,Jodi,General,Buddhist,O'Dyvoy
3/13/2005,790,Shelly,General,Muslim,Blakes
12/07/2010,791,Madelene,Colonel,Sikh,Ellor
2/17/1982,792,Yorgo,General,Zoroastrian,Cresswell
12/16/2018,793,Denys,Private,Muslim,McCoole
06/11/1983,794,Brandice,Captain,Muslim,Colquete
10/20/1988,795,Alair,Major,Hindu,Matevushev
6/23/2016,796,De,Corporal,Sikh,De Ambrosi
11/10/1991,797,Valentine,Lieutenant,Druze,Philipot
6/17/1982,798,Fidelia,Major,Druze,Ferguson
11/22/1981,799,Ruben,Private,Hindu,Stachini
1/16/1995,800,Cassi,Lieutenant,Zoroastrian,Cino
12/10/2008,801,Kellina,Corporal,Zoroastrian,Storer
03/02/1996,802,Adah,Corporal,Muslim,Rubes
7/31/2022,803,Hercules,General,Sikh,Ferri
05/07/1991,804,Farris,Private,Christian,Steel
1/22/2014,805,Fancie,Lieutenant,Jewish,Fielder
6/28/1986,806,Emalia,Private,Sikh,Wheatland
4/22/2017,807,Karil,Private,Druze,Ravillas
10/12/1985,808,Arty,Lieutenant,Sikh,Pinney
8/22/1992,809,Marion,Colonel,Jewish,MacCrann
12/15/2019,810,Justin,Lieutenant,Zoroastrian,Guillet
3/31/2015,811,Jose,Major,Muslim,Mellsop
5/17/2006,812,Rufus,Captain,Jewish,Barrass
09/07/1989,813,Abraham,Captain,Druze,Standring
03/04/1993,814,Celle,Corporal,Buddhist,Pregal
2/27/1988,815,Burnaby,Sergeant,Jewish,Sansome
6/17/2012,816,Natty,Colonel,Druze,Castro
11/21/1985,817,Tucker,Private,Buddhist,Leah
09/06/1997,818,Adelind,Private,Hindu,Molden
05/06/2008,819,Calla,Sergeant,Buddhist,Tomasek
02/01/1998,820,Sibeal,Lieutenant,Christian,Giabucci
6/21/2021,821,Archy,Corporal,Hindu,MacClure
04/09/1987,822,Emilia,Captain,Hindu,Fernier
01/05/1980,823,Tam,General,Buddhist,Dunkerley
5/22/1981,824,Taryn,Sergeant,Druze,Moryson
5/14/2012,825,Julieta,Lieutenant,Jewish,Seven
9/23/2020,826,Ogden,Major,Buddhist,Whannel
10/05/1984,827,Jamey,Lieutenant,Sikh,Glidden
9/20/2007,828,Blinnie,Sergeant,Muslim,Filipputti
8/17/2009,829,Gregory,Sergeant,Muslim,Brighty
01/11/1982,830,Skipp,Lieutenant,Hindu,Scheu
3/13/1984,831,Meg,Major,Druze,Axworthy
09/02/2009,832,Pippa,Sergeant,Christian,Dahill
7/17/2014,833,Nestor,Private,Zoroastrian,Surmeyers
08/02/1994,834,Elset,Private,Druze,Pollins
04/05/1985,835,Ania,Captain,Hindu,Guinery
11/23/2011,836,Gradey,Sergeant,Druze,Fann
4/24/2009,837,Vivian,Corporal,Muslim,Amar
3/29/1991,838,Wynn,Lieutenant,Hindu,O'Hengerty
6/20/2004,839,Delinda,Lieutenant,Zoroastrian,Joberne
5/13/2008,840,Hetti,Private,Jewish,Cyples
7/21/1984,841,Wandis,Colonel,Hindu,Noonan
12/20/1994,842,Lacie,Sergeant,Druze,Heard
4/18/2006,843,Evita,Private,Sikh,Pimblett
03/08/1993,844,Mata,Colonel,Druze,Gabotti
12/10/2003,845,Cristian,Major,Christian,Blancowe
6/13/1983,846,Jacynth,Major,Hindu,Bradborne
01/03/2019,847,Archibaldo,Major,Sikh,Connichie
9/18/1982,848,Claude,Lieutenant,Druze,Brugemann
04/04/1990,849,Bran,Captain,Zoroastrian,Gunnell
9/16/2002,850,Renae,General,Christian,Hembry
6/26/2008,851,Lexie,Sergeant,Sikh,Orbine
11/14/2005,852,Trace,Corporal,Hindu,Galego
1/27/1989,853,Angel,Colonel,Hindu,Eymer
03/09/1994,854,Koren,General,Zoroastrian,Ewbanks
1/30/1993,855,Griz,General,Muslim,Arent
12/17/2009,856,Parke,General,Jewish,Sleightholme
12/01/1993,857,Pablo,Sergeant,Sikh,Alesio
12/26/1996,858,Ingrid,Colonel,Buddhist,McTeague
2/24/2012,859,Teodoro,General,Druze,Hawkshaw
11/20/1981,860,Gilburt,Lieutenant,Jewish,Moulds
4/27/2020,861,Tripp,Captain,Christian,Lenz
10/21/2000,862,Joeann,Sergeant,Zoroastrian,Boatswain
06/12/2016,863,Brnaba,General,Muslim,Dowker
06/09/2022,864,Nevin,Sergeant,Jewish,Dullard
5/25/1981,865,Sherrie,Corporal,Hindu,Geering
09/01/2014,866,Base,Major,Jewish,Tash
3/26/2016,867,Katee,Lieutenant,Christian,Dixcey
10/24/2007,868,Truda,Sergeant,Buddhist,Hacking
1/22/2019,869,Elden,Lieutenant,Hindu,Queste
9/15/2005,870,Noah,Corporal,Jewish,Gepp
6/25/2015,871,Georgie,Colonel,Zoroastrian,Hammett
9/30/2019,872,Johnathon,Corporal,Druze,Robertsson
8/16/2012,873,Lilla,Private,Muslim,Sailor
7/16/2018,874,Stanleigh,Corporal,Jewish,Mazonowicz
06/02/2015,875,Layton,Private,Buddhist,Nockalls
11/02/1989,876,Mortie,Sergeant,Jewish,Dalley
02/06/1986,877,Roch,Major,Muslim,McKerlie
6/16/1988,878,Stephanie,Major,Hindu,Palmar
10/04/1988,879,Sven,Sergeant,Sikh,Rubinfeld
7/14/2004,880,Obediah,Major,Sikh,Robichon
10/01/2018,881,Dori,Sergeant,Druze,Sutherby
04/05/1988,882,Aurel,Colonel,Christian,Mahood
10/29/2002,883,Rice,Corporal,Druze,Garrould
04/12/1982,884,Gunilla,Major,Christian,Mc Giffin
11/16/2021,885,Blinni,Major,Muslim,Menilove
5/28/2002,886,Brynn,Colonel,Muslim,Burnham
06/03/1992,887,Kesley,Private,Jewish,Johnsson
3/19/1985,888,Brion,Colonel,Druze,Libreros
5/16/1997,889,Hermann,Lieutenant,Muslim,Simunek
01/08/1995,890,Reade,Corporal,Jewish,Loveman
1/24/2017,891,Nikolas,Private,Sikh,Treacy
2/22/1992,892,Guss,Sergeant,Buddhist,Carvilla
12/28/2022,893,Cleo,Sergeant,Muslim,Dudden
03/09/2016,894,Humfrey,Corporal,Zoroastrian,Milne
06/08/2002,895,Salem,Major,Buddhist,Morrad
7/18/1984,896,Gert,General,Zoroastrian,Matussevich
10/13/2000,897,Jake,Colonel,Buddhist,Pennell
4/23/1993,898,Rosamond,Corporal,Hindu,Tatam
7/21/2016,899,Curcio,Corporal,Buddhist,Ashborne
3/17/2014,900,Rozina,Corporal,Buddhist,Buddleigh
7/29/1986,901,Townie,Corporal,Jewish,Haugg
10/18/1987,902,Saunderson,Colonel,Zoroastrian,Simnor
07/01/2004,903,Justen,Colonel,Druze,Humpherson
10/11/2013,904,Thalia,Captain,Buddhist,Hobson
6/13/2015,905,Theodor,Lieutenant,Muslim,Molesworth
04/05/2007,906,Sigismundo,Corporal,Buddhist,Gritland
11/13/1991,907,Bern,Colonel,Muslim,Fowgies
09/10/2021,908,Eduino,Sergeant,Druze,Anyene
10/07/2010,909,Diahann,Captain,Hindu,Cassell
1/17/2016,910,Rasla,Major,Jewish,Durrington
4/14/1982,911,Mill,Corporal,Muslim,Brimner
11/06/2000,912,Maryanna,Private,Muslim,Hurndall
11/15/2014,913,Ansell,General,Sikh,Scarce
11/17/1999,914,Kenna,Captain,Jewish,Sare
03/10/2020,915,Artemus,Private,Zoroastrian,Sale
7/23/1987,916,Cloris,Corporal,Jewish,Barnard
12/18/1987,917,Carolynn,Colonel,Druze,Mulholland
7/29/1993,918,Lefty,Sergeant,Zoroastrian,Siburn
07/12/2016,919,Bobbye,Private,Sikh,Deverille
3/21/2022,920,Rosabella,Major,Buddhist,Theaker
8/14/1997,921,Hurley,Major,Christian,Warlawe
09/07/2002,922,Bailie,General,Muslim,McCourt
9/21/1994,923,Ashley,Corporal,Buddhist,Scopham
06/07/2022,924,Reggie,Colonel,Buddhist,Sasser
9/23/2003,925,Osmund,Major,Buddhist,Sexton
12/20/2001,926,Cory,General,Zoroastrian,Kuschek
9/17/2006,927,Roley,Major,Jewish,Daws
7/26/1993,928,Shelden,Sergeant,Druze,Lodford
04/11/1981,929,Chrotoem,Captain,Buddhist,St. Aubyn
11/24/1994,930,Lyndsie,General,Hindu,Rothon
6/17/1994,931,Iggy,Colonel,Zoroastrian,Abbes
12/29/2022,932,Sarette,Captain,Jewish,Brislan
2/24/2004,933,Erek,Corporal,Muslim,Matz
9/18/2011,934,Ray,General,Zoroastrian,Scane
02/12/2010,935,Alia,Lieutenant,Hindu,Sambrok
8/28/1993,936,Brittani,Lieutenant,Hindu,Loomes
09/05/2013,937,Sonni,General,Christian,Sweetman
08/05/2011,938,Chandal,Major,Buddhist,Gosker
12/13/2011,939,Martguerita,General,Sikh,Pogg
09/10/1980,940,April,Corporal,Buddhist,Arran
9/19/2014,941,Alistair,Private,Christian,Wilce
03/02/2020,942,Hester,Corporal,Muslim,Woolens
1/13/1996,943,Alanah,Private,Buddhist,Iacovini
03/07/2013,944,Zonda,Major,Hindu,Easterfield
9/19/2006,945,Matias,General,Druze,Burthom
12/22/2007,946,Ches,Colonel,Christian,Lippatt
3/24/1982,947,Reg,Major,Muslim,Vamplus
4/13/2014,948,Maribelle,Private,Zoroastrian,Jermin
04/11/1983,949,Odelia,Private,Hindu,Gainsbury
11/28/1981,950,Elliot,Corporal,Jewish,Robyns
04/12/1992,951,Ogden,Corporal,Hindu,Frantzeni
10/26/1996,952,Keen,Lieutenant,Druze,Pilch
9/29/2011,953,Dena,Lieutenant,Jewish,Lepick
4/27/1982,954,Dalenna,Lieutenant,Muslim,Gilman
5/29/2019,955,Arni,General,Zoroastrian,Gaize
10/30/1985,956,Patsy,Major,Muslim,Attiwill
06/03/2004,957,Vonny,Sergeant,Christian,Cloute
01/09/1993,958,Korney,Sergeant,Muslim,Tysall
11/27/2007,959,Parke,Lieutenant,Sikh,Vondrak
8/22/1986,960,Marv,Captain,Christian,Brixey
1/15/1983,961,Saxon,Sergeant,Zoroastrian,Gouinlock
7/30/2004,962,Tades,Corporal,Muslim,Edmenson
12/29/1982,963,Marice,General,Muslim,Piggott
12/23/2009,964,Pippo,Sergeant,Buddhist,Debold
12/03/2018,965,Mariya,Colonel,Zoroastrian,Dando
6/26/2008,966,Celinda,Sergeant,Hindu,Agnew
04/04/1999,967,Terrence,Corporal,Christian,Di Napoli
7/30/1997,968,Josh,Sergeant,Druze,Harner
1/13/1993,969,Matelda,Sergeant,Druze,Yeowell
11/19/2003,970,Florri,General,Druze,McGregor
4/16/2010,971,Anselm,Lieutenant,Christian,Hasted
03/05/2018,972,Sissie,Private,Christian,Sherlaw
12/30/1996,973,Chrissy,Captain,Druze,Rudolfer
05/07/2015,974,Hildegarde,Corporal,Zoroastrian,Whayman
9/20/1985,975,Neils,General,Jewish,Folk
11/07/1993,976,Arliene,Major,Druze,Lammert
08/09/1981,977,Welch,Captain,Hindu,McGirr
03/12/1995,978,Thedric,Sergeant,Jewish,Placstone
08/11/1992,979,Lizabeth,Sergeant,Zoroastrian,Darton
11/20/2013,980,Langsdon,Sergeant,Christian,Serchwell
05/07/2001,981,Leona,Private,Christian,MacTrustram
02/10/1984,982,Jackqueline,Major,Sikh,Munson
8/16/1983,983,Burch,Major,Buddhist,Poulett
12/17/2001,984,Massimo,Captain,Buddhist,Grave
1/24/1984,985,Kennie,Lieutenant,Hindu,Cominetti
10/19/1990,986,Frazier,Sergeant,Hindu,Sanz
04/09/1990,987,Susie,Sergeant,Hindu,Thowes
07/11/2010,988,Nessa,Lieutenant,Zoroastrian,Bricknell
12/02/2001,989,Justinn,General,Christian,Asser
1/21/1982,990,Ruthie,Corporal,Muslim,Reims
12/31/1991,991,Nevile,Major,Druze,Inde
11/13/2018,992,Dollie,Colonel,Christian,Djokic
7/15/1989,993,Joshua,Colonel,Christian,Hurling
03/10/2004,994,Madlin,Private,Buddhist,Ruggs
02/01/2022,995,Lanna,Captain,Muslim,Goade
10/05/1988,996,Doralynne,Lieutenant,Buddhist,Braycotton
6/15/1991,997,Clerkclaude,Sergeant,Sikh,Stolworthy
12/02/2015,998,Abdul,Major,Hindu,Camell
3/18/2022,999,Myrtia,Lieutenant,Druze,Gatecliff
7/21/2009,1000,Tristam,Captain,Buddhist,Darby
8/14/1992,1001,Padraic,Colonel,Sikh,Ellacott
11/08/1997,1002,Anthiathia,Corporal,Hindu,McCurtain
5/21/1990,1003,Jaime,Lieutenant,Muslim,Cudde
9/22/1993,1004,Crawford,Colonel,Muslim,Essam
9/26/2005,1005,Rockie,Sergeant,Christian,Rookledge
4/23/1999,1006,Sherm,Major,Jewish,Burrows
08/09/2003,1007,Eberhard,Lieutenant,Muslim,Romero
3/16/2006,1008,Jamison,Lieutenant,Jewish,Woodruff
3/15/1992,1009,Lorne,Major,Muslim,Pennicard
10/02/2004,1010,Eldin,Colonel,Jewish,Fulbrook
5/14/2019,1011,Vassili,Corporal,Muslim,Havile
8/13/1981,1012,Nedda,Major,Christian,Ailward
09/01/2000,1013,Mitchel,Corporal,Christian,Malamore
12/26/1980,1014,Mae,Private,Buddhist,Isgate
4/19/1993,1015,Shea,Private,Jewish,Elnor
10/27/2007,1016,Huey,Corporal,Hindu,Feldhuhn
2/23/2010,1017,Gloria,Corporal,Zoroastrian,Joost
4/14/1985,1018,Chase,Lieutenant,Muslim,Breche
11/21/2015,1019,Lloyd,Lieutenant,Druze,Truwert
4/21/2011,1020,Roth,Sergeant,Muslim,Simla
11/05/2011,1021,Wolfie,Colonel,Jewish,Layne
4/23/2002,1022,Haven,Major,Buddhist,Bompas
02/06/2014,1023,Camey,Sergeant,Hindu,Jury
2/15/2011,1024,Bucky,Lieutenant,Druze,Konertz
6/26/1990,1025,Ronna,Private,Hindu,Goncaves
3/23/1994,1026,Hercules,Private,Zoroastrian,Oxnam
2/28/2015,1027,Kent,Captain,Muslim,Blackater
05/06/1984,1028,Ariana,Major,Hindu,Destouche
08/03/1996,1029,Marcela,Major,Hindu,Busher
10/21/1997,1030,Kendra,Colonel,Druze,Skowcraft
8/21/1999,1031,Taddeusz,Captain,Sikh,Trevaskis
4/26/1982,1032,Wilmar,Major,Jewish,Gantzer
10/18/2011,1033,Glynn,Corporal,Druze,Pipworth
03/06/1996,1034,Laetitia,Major,Buddhist,Tennet
08/06/2001,1035,Barnaby,Captain,Buddhist,Luxon
11/21/1993,1036,Barney,Corporal,Buddhist,Talmadge
2/23/1986,1037,Rey,Corporal,Druze,Linnemann
4/22/1995,1038,Pier,General,Sikh,Jayne
3/28/2016,1039,Linell,Colonel,Druze,Vitler
10/29/1980,1040,Elroy,Captain,Christian,Kalkhoven
4/21/2016,1041,Jason,Corporal,Sikh,Rapley
3/18/2016,1042,Rachael,Corporal,Christian,Jefford
5/29/2013,1043,Karleen,Colonel,Druze,Henden
8/25/2002,1044,Romeo,Corporal,Christian,Obern
12/25/1984,1045,Costanza,Colonel,Muslim,Sealey
10/14/2020,1046,Paule,Lieutenant,Jewish,Maxwell
04/08/1994,1047,Stewart,Colonel,Zoroastrian,Duinkerk
5/22/2012,1048,Willetta,General,Hindu,Betteney
11/17/1984,1049,Annetta,Corporal,Sikh,Udy
08/09/1997,1050,Deonne,Corporal,Zoroastrian,Ughi
09/04/2000,1051,Jaime,Lieutenant,Hindu,Olyonov
12/10/2020,1052,Jesselyn,Private,Druze,Souza
04/08/1991,1053,Sayer,General,Zoroastrian,Windibank
10/14/1983,1054,Abigael,Major,Zoroastrian,Binton
12/16/2009,1055,Cesya,Major,Christian,Pawlett
12/31/2008,1056,Haley,Colonel,Christian,Mushawe
6/13/1987,1057,Josee,General,Jewish,Darrigone
11/24/2002,1058,Ardelis,Captain,Hindu,Jinda
10/28/2021,1059,Tedmund,Private,Zoroastrian,Blanchflower
1/29/1998,1060,Emyle,Lieutenant,Christian,Halm
2/15/1987,1061,Rodney,Sergeant,Hindu,Dugget
07/01/2013,1062,Lewie,Captain,Jewish,Wearne
10/03/1992,1063,Read,Captain,Jewish,Tenaunt
11/06/2014,1064,Cyndi,Sergeant,Muslim,Ricardot
11/19/2020,1065,Roanna,Sergeant,Muslim,Giovannelli
7/30/2011,1066,Kathrine,Captain,Muslim,Gradly
4/27/2015,1067,Mallorie,Corporal,Hindu,Totterdill
12/27/1989,1068,Helen,Sergeant,Jewish,McManamen
3/31/2014,1069,Cy,Lieutenant,Christian,Barde
10/15/2010,1070,Nealy,General,Christian,Ruffey
2/14/1986,1071,Pat,Corporal,Jewish,Lawie
01/10/1993,1072,Dre,Corporal,Muslim,MacDuffie
06/06/2022,1073,Joelie,Corporal,Buddhist,Sheeres
07/08/1994,1074,Minny,Private,Muslim,McMenemy
4/29/2021,1075,Charil,General,Christian,Willes
08/07/1984,1076,Florinda,Major,Christian,Heaven
03/08/2022,1077,Christine,Colonel,Druze,Brookbank
9/13/1988,1078,Ashil,General,Hindu,Patty
9/30/2007,1079,Alfy,Colonel,Zoroastrian,Babst
07/03/2013,1080,Tom,General,Jewish,Loach
08/11/1997,1081,Everett,Private,Sikh,Faich
6/14/1997,1082,Clayborne,Colonel,Sikh,Rate
12/23/1993,1083,Carolina,Private,Buddhist,Pamplin
11/25/1999,1084,Vilhelmina,Major,Muslim,Dayne
9/16/1984,1085,Efrem,Lieutenant,Hindu,Cordery
11/11/2011,1086,Roxi,Major,Jewish,Wychard
7/25/2017,1087,Noelani,Captain,Muslim,Heggs
1/16/2003,1088,Trudi,Sergeant,Muslim,Bythway
07/05/2008,1089,Clea,Major,Sikh,Showalter
5/28/2007,1090,Thatcher,General,Buddhist,Cowmeadow
7/27/1991,1091,Bastian,General,Muslim,Burgoine
10/14/2003,1092,Sydney,Major,Druze,Wabey
07/03/2013,1093,Michell,Private,Hindu,Farquhar
9/20/2011,1094,Gibbie,Corporal,Zoroastrian,Brechin
5/13/1980,1095,Wendel,Colonel,Zoroastrian,Mayer
5/15/2018,1096,Jermaine,Captain,Sikh,Hawyes
03/11/2000,1097,Maybelle,Major,Christian,Fyall
6/24/1993,1098,Pate,Captain,Druze,Osgar
10/02/1982,1099,Lavena,Corporal,Christian,Leathes
09/12/1987,1100,Jesse,General,Druze,Makin
6/25/2010,1101,Corella,General,Hindu,Daughtery
12/17/2007,1102,Nanette,Major,Jewish,Sheahan
7/17/2010,1103,Waldo,Lieutenant,Druze,Chatt
07/06/2010,1104,Otha,Major,Hindu,Theurer
11/01/2019,1105,Mufinella,Colonel,Sikh,Aleixo
4/20/2004,1106,Nada,General,Druze,Ackery
12/08/2017,1107,Reggie,Lieutenant,Jewish,Brasse
3/18/2019,1108,Torie,Lieutenant,Druze,Pimmocke
08/08/1995,1109,Winnie,Sergeant,Sikh,Silliman
10/14/2014,1110,Alexi,Major,Zoroastrian,Antosik
09/02/2010,1111,Mindy,Colonel,Muslim,Scheffler
1/25/1999,1112,Jarred,Private,Sikh,Measures
6/25/2003,1113,Letizia,Corporal,Buddhist,Chezelle
5/27/2017,1114,Cindy,Captain,Hindu,Dermott
3/18/1992,1115,Stinky,Captain,Hindu,Orsay
8/30/1981,1116,Eirena,Captain,Buddhist,Rable
3/27/2017,1117,Rodolph,Lieutenant,Druze,Struss
10/15/1986,1118,Darby,Captain,Hindu,Tottman
8/29/1989,1119,Fredi,General,Jewish,Dobney
10/11/1998,1120,Lorri,Private,Druze,Simla
05/03/2019,1121,Aida,Sergeant,Christian,Marriage
7/20/2019,1122,Cynthia,Major,Jewish,Blakeborough
12/15/2005,1123,Kevan,Corporal,Christian,Sherwill
12/21/2018,1124,Olympe,Sergeant,Druze,Spittles
04/05/1999,1125,Waldo,Private,Sikh,Sempill
2/21/1996,1126,Elia,Major,Sikh,O'Cassidy
09/03/2013,1127,Arthur,Lieutenant,Druze,Skillitt
05/09/2009,1128,Revkah,Captain,Druze,Nassey
10/06/1980,1129,Babette,Lieutenant,Muslim,Quail
3/13/2010,1130,Ulick,Corporal,Jewish,Cassel
09/12/2010,1131,Florie,General,Hindu,Mourton
04/10/2020,1132,Liam,Major,Buddhist,McJury
12/20/1981,1133,Edie,Captain,Christian,Fitzjohn
05/07/2020,1134,Felix,Private,Muslim,Watkiss
11/05/1989,1135,Kara,Sergeant,Jewish,Pickthorne
09/02/2019,1136,Nickie,Private,Buddhist,Collington
2/29/2020,1137,Josias,Corporal,Zoroastrian,Lorkin
07/12/1993,1138,Koralle,Colonel,Muslim,Keene
3/23/2004,1139,Shela,Private,Jewish,Bray
12/06/1992,1140,Emile,General,Buddhist,Lembcke
2/22/1999,1141,Timmie,Corporal,Buddhist,Farnaby
02/10/2009,1142,Patti,Colonel,Jewish,Wooffitt
04/07/1991,1143,Kristel,Lieutenant,Hindu,Bianco
05/02/2001,1144,Kristopher,Major,Christian,Probetts
09/05/1987,1145,Iolanthe,Sergeant,Muslim,Harms
8/24/2022,1146,Danell,Colonel,Buddhist,MacNeil
06/01/1993,1147,Lucho,Private,Christian,Restorick
3/29/1986,1148,Gardener,Captain,Jewish,McCuthais
08/01/2000,1149,Anton,Sergeant,Buddhist,Garmanson
12/21/1993,1150,Sergio,Lieutenant,Jewish,Warmisham
12/17/2021,1151,Gerladina,Lieutenant,Zoroastrian,Mattiessen
06/10/1982,1152,Edita,General,Buddhist,Schrir
1/22/2015,1153,Hasheem,Major,Druze,Scalera
12/14/2006,1154,Forester,Major,Sikh,Warden
11/08/1996,1155,Suzie,Major,Hindu,Trusler
10/31/1980,1156,Ann-marie,Colonel,Hindu,McGarrie
03/10/2014,1157,Hugibert,Colonel,Sikh,Aliman
12/14/2003,1158,Humfrey,Lieutenant,Zoroastrian,Norcliffe
10/16/2002,1159,Seka,Lieutenant,Druze,Gallant
1/21/2019,1160,Ondrea,Corporal,Muslim,Woolfall
10/31/1982,1161,Jere,Corporal,Sikh,Veck
3/28/1987,1162,Masha,Captain,Zoroastrian,Schlag
08/12/2022,1163,Oren,Captain,Hindu,Spread
1/29/2011,1164,Seth,Private,Muslim,Louche
5/23/2018,1165,Glenda,Corporal,Buddhist,Filippozzi
04/04/1993,1166,Hughie,Corporal,Hindu,Pippin
12/27/1983,1167,Halli,Corporal,Buddhist,Inkpin
12/19/2012,1168,Burke,Colonel,Christian,Ellinor
08/03/1991,1169,Stephenie,Colonel,Buddhist,Dunston
3/25/2005,1170,Binni,Corporal,Jewish,Yakobovicz
04/09/1999,1171,Kaine,Corporal,Muslim,Gilhespy
05/11/2020,1172,La verne,Sergeant,Buddhist,Skevington
08/07/1992,1173,Madge,Colonel,Hindu,Cattini
2/19/2009,1174,Gabbi,Colonel,Zoroastrian,Harburtson
02/07/2019,1175,Mortimer,Sergeant,Sikh,Robet
3/15/1994,1176,Lennie,Corporal,Jewish,Shrieves
09/08/1998,1177,Barron,General,Sikh,Kesper
04/02/1989,1178,Gardner,Lieutenant,Sikh,Heliot
01/06/1985,1179,Randy,Lieutenant,Hindu,Knee
09/06/1991,1180,Torey,General,Hindu,Gentner
2/13/2019,1181,Berny,Private,Jewish,Fould
06/02/2019,1182,Mauricio,Corporal,Muslim,Longlands
12/30/1982,1183,Lindi,Major,Sikh,Melmore
01/06/1980,1184,Brietta,Sergeant,Hindu,Hurdedge
2/22/2012,1185,Worden,Private,Druze,Starsmeare
02/05/2005,1186,Desiree,Sergeant,Druze,Lindner
11/24/2010,1187,Humbert,Sergeant,Druze,Tirrell
5/16/1990,1188,Clarine,Captain,Jewish,Gavigan
2/14/1997,1189,Sonnie,Colonel,Christian,Kivlehan
06/11/2008,1190,Zared,Colonel,Hindu,Jeckell
11/24/1991,1191,Nanny,General,Buddhist,Facer
3/24/2002,1192,Birgit,General,Sikh,Klees
9/30/1991,1193,Regen,Private,Buddhist,Lorenc
02/06/1990,1194,Mendy,Colonel,Zoroastrian,Behagg
3/29/2010,1195,Maddi,General,Sikh,Collymore
03/09/1990,1196,Robin,Captain,Druze,McNeillie
1/17/1993,1197,Toddy,Colonel,Jewish,Goodluck
11/04/1991,1198,Ripley,Major,Druze,Durkin
11/27/2009,1199,Alfreda,Captain,Sikh,Sussems
05/05/1991,1200,Luciano,Colonel,Sikh,Duffy
