nickname,soliders_affection,security_clearance,id
Pavla,9,1,801
Bendix,1,4,802
Ibrahim,6,2,803
Denice,7,5,804
Mable,1,5,805
Dorthea,9,4,806
Gayler,4,5,807
Toby,1,1,808
Nathan,7,3,809
Arden,10,5,810
Danette,5,2,811
Raine,2,1,812
Ivett,8,2,813
Wesley,3,5,814
Willi,2,5,815
Penni,8,3,816
Jozef,10,2,817
Moselle,1,2,818
Dudley,5,5,819
Jerry,1,1,820
Allina,6,1,821
Ermanno,1,2,822
Claire,2,3,823
Chantal,1,2,824
Marje,4,2,825
Aluino,9,3,826
Fons,5,2,827
Clair,3,3,828
Lorie,2,4,829
Sharon,6,4,830
Felice,10,3,831
Norma,6,5,832
Gallard,1,1,833
Nina,6,5,834
Ruthie,6,3,835
Gilberte,3,3,836
Carmelita,8,4,837
Claiborn,4,1,838
Melanie,5,4,839
Archibold,9,1,840
Abbi,4,3,841
Jarib,8,3,842
Doralynne,5,4,843
Elizabeth,9,3,844
Joby,7,1,845
Zora,9,5,846
Nicole,9,1,847
Nicholle,6,1,848
Lucas,1,1,849
Gay,1,3,850
Storm,1,3,851
Alphonso,9,2,852
Delcina,1,3,853
Janeta,8,4,854
Cleon,9,3,855
Gerladina,10,1,856
Waldemar,2,3,857
Sascha,4,1,858
Rozalie,6,1,859
Vinson,2,4,860
Wildon,2,5,861
Tobiah,8,3,862
Cherilyn,10,1,863
Danny,10,3,864
Wit,9,5,865
Pinchas,2,2,866
Gill,7,1,867
Lucila,8,1,868
Sloane,2,4,869
Daniele,3,3,870
Alick,3,4,871
Barnabe,8,5,872
Alexander,1,4,873
Thorin,9,1,874
Rori,1,1,875
Karleen,4,2,876
Sarina,2,2,877
Lola,7,5,878
Cecily,6,2,879
Aloise,2,3,880
Dru,3,1,881
Kermie,9,3,882
Weidar,4,4,883
Candra,4,1,884
Karissa,9,4,885
Piper,2,5,886
Portia,1,3,887
Byrann,1,2,888
Morry,6,3,889
Otes,6,1,890
Michelle,8,4,891
Joelly,2,5,892
Gianna,10,2,893
Melva,3,1,894
Marnie,6,2,895
Sibley,2,2,896
Ebenezer,8,1,897
Hadley,8,3,898
Reese,3,5,899
Barnabe,3,2,900
Sheffield,4,1,901
Thibaud,8,2,902
Bell,7,4,903
Pen,2,2,904
Garnet,1,4,905
Baryram,1,3,906
Guillaume,8,1,907
Wenda,3,4,908
Windham,4,2,909
Rhianna,9,4,910
Corbin,8,1,911
Merla,1,3,912
Garland,6,2,913
Chere,1,4,914
Manda,7,4,915
Tedman,7,1,916
Mason,6,5,917
Cleveland,7,2,918
Wernher,8,1,919
Aldon,3,2,920
Thorstein,9,3,921
Fredia,9,2,922
Normie,6,2,923
Adaline,6,2,924
Flss,5,2,925
Oran,8,2,926
Daniela,1,4,927
Lainey,7,1,928
Doll,5,3,929
Sidoney,6,1,930
Heda,8,5,931
Brander,5,5,932
Danica,6,5,933
Paula,5,1,934
Marin,4,3,935
Mikael,2,3,936
Joell,3,4,937
Laney,5,5,938
Keane,2,5,939
Johnathan,5,5,940
Sigvard,2,4,941
Claiborn,2,3,942
Obidiah,7,3,943
Osbourne,6,4,944
Kata,3,4,945
Hermie,3,5,946
Toiboid,7,2,947
John,10,2,948
Sampson,6,5,949
Emmi,7,1,950
Barney,3,4,951
Bealle,4,1,952
Brena,4,3,953
Bink,6,3,954
Rafaelita,9,1,955
Lavena,8,5,956
Allie,6,5,957
Duffie,9,5,958
Eb,2,2,959
Gerhard,4,1,960
Teodoro,9,1,961
Harmonie,4,2,962
Ernaline,1,1,963
Odetta,3,4,964
Archy,1,2,965
Denver,2,1,966
Jaquenette,2,2,967
Elisa,4,1,968
Nora,7,2,969
Ford,8,5,970
Morgan,1,4,971
Mildrid,3,2,972
Culver,5,4,973
Roxane,8,2,974
Elonore,6,2,975
Kessia,3,4,976
Felipe,5,2,977
Carlin,2,1,978
Giff,6,5,979
Jolene,6,2,980
Delphine,10,4,981
Keslie,2,5,982
Curran,4,5,983
Margareta,2,5,984
Fallon,7,3,985
Filberto,8,3,986
Emery,9,2,987
Calv,5,5,988
Helenelizabeth,6,2,989
Ker,9,4,990
Shayne,7,3,991
Sonny,2,4,992
Quinn,10,5,993
Dotty,7,3,994
Aviva,3,5,995
Farah,4,4,996
Viki,8,3,997
Yard,6,4,998
Jarrett,1,4,999
Jamima,7,5,1000
Daphene,3,1,1001
Nannette,1,1,1002
Tasha,10,5,1003
Ash,2,3,1004
Roley,3,5,1005
Loree,10,3,1006
Seward,7,2,1007
Dyane,6,3,1008
Sheeree,2,5,1009
Sullivan,2,3,1010
Queenie,6,3,1011
Orin,6,4,1012
Hadleigh,4,5,1013
Laina,5,1,1014
Dorita,1,5,1015
Ezri,5,1,1016
Josee,4,4,1017
Georgie,1,5,1018
Brnaby,5,3,1019
Rubi,7,2,1020
Bonny,5,1,1021
Carroll,7,1,1022
Sayers,4,4,1023
Jemie,1,3,1024
Joel,8,5,1025
Dorothee,7,2,1026
Renado,6,5,1027
Hewitt,5,3,1028
Catrina,2,3,1029
Mack,2,2,1030
Barbabas,2,1,1031
Emmye,8,3,1032
Gram,10,3,1033
Lianna,1,2,1034
Beck,9,1,1035
Kerstin,10,4,1036
Carey,5,5,1037
Rupert,1,1,1038
Denice,4,5,1039
Alisa,2,2,1040
Guillaume,10,3,1041
Patricio,10,4,1042
Josy,4,3,1043
Pattin,4,4,1044
Hamlen,9,4,1045
Neila,5,4,1046
Patric,4,2,1047
Viole,1,5,1048
Purcell,8,5,1049
Lonny,5,4,1050
Leese,10,3,1051
Emanuele,1,5,1052
Ginny,1,3,1053
Hamel,9,5,1054
Maggie,2,2,1055
Armstrong,7,2,1056
Leshia,7,1,1057
Alyson,6,1,1058
Dodie,4,3,1059
Ammamaria,5,5,1060
Ardyce,4,2,1061
Daveta,3,1,1062
Claude,5,3,1063
Irita,2,5,1064
Poppy,10,1,1065
Larissa,3,1,1066
Willie,9,2,1067
Karoly,10,5,1068
Lynett,8,2,1069
Kylie,1,3,1070
Mabelle,3,5,1071
Colene,6,5,1072
Adrianna,7,3,1073
Ardine,3,4,1074
Donnamarie,6,1,1075
Mathian,2,2,1076
Whitman,9,2,1077
Esta,9,2,1078
Stafford,4,4,1079
Cherrita,5,1,1080
Darrick,5,2,1081
Shurwood,10,5,1082
Shina,10,4,1083
Hector,10,3,1084
Tobey,7,5,1085
Nick,9,5,1086
Brennan,7,1,1087
Asia,6,1,1088
Helen,5,3,1089
Barth,3,1,1090
Shelton,1,1,1091
Celle,3,2,1092
Danya,2,3,1093
Jazmin,10,5,1094
Marguerite,7,2,1095
Iggie,3,2,1096
Rodi,6,2,1097
Kaylil,1,3,1098
Ber,5,2,1099
Tirrell,10,4,1100
Veronike,2,2,1101
Pepe,5,5,1102
Sharl,6,2,1103
Wynn,3,1,1104
Maurizia,8,4,1105
Alwin,8,2,1106
Kath,10,3,1107
Damaris,7,3,1108
Klara,6,3,1109
Emmy,4,5,1110
Twila,5,5,1111
Blane,10,3,1112
Rickie,3,2,1113
Flint,10,2,1114
Georgie,10,5,1115
Lelia,10,4,1116
Cyril,4,1,1117
Darcy,7,3,1118
Ronny,7,5,1119
Shari,9,2,1120
Xylia,2,1,1121
Nevil,9,2,1122
Dita,1,2,1123
Taite,3,1,1124
Janey,6,1,1125
Skipper,6,2,1126
Justino,3,3,1127
Jackquelin,7,1,1128
Alyss,4,1,1129
Starla,1,5,1130
Giustino,10,3,1131
Virgie,1,1,1132
Shellysheldon,6,1,1133
Eran,6,3,1134
Estevan,2,3,1135
Louisette,10,1,1136
Kacie,6,2,1137
Giustina,1,3,1138
Jehanna,7,2,1139
Barclay,5,4,1140
Hugo,6,4,1141
Angy,7,2,1142
Rosalinde,4,1,1143
Valencia,8,4,1144
Brier,9,4,1145
Piotr,4,2,1146
Roxie,6,3,1147
Eberhard,10,4,1148
Blake,6,4,1149
Gibb,7,3,1150
Hester,10,4,1151
Kerk,5,4,1152
Bettina,6,4,1153
Von,7,3,1154
Lesly,5,5,1155
Granger,7,2,1156
Amanda,4,4,1157
Kelcy,10,2,1158
Frederigo,5,4,1159
Rheba,8,1,1160
Parrnell,3,5,1161
Gabriele,5,3,1162
Lauryn,5,1,1163
Farlay,3,1,1164
Lowe,8,2,1165
Alano,1,2,1166
Maddie,7,1,1167
Michel,10,1,1168
Ulric,4,3,1169
Adara,6,5,1170
Antonio,6,4,1171
Jecho,4,4,1172
Yevette,8,5,1173
Selie,8,2,1174
Ansel,5,4,1175
Daffy,6,1,1176
Trula,8,5,1177
Cissy,10,1,1178
Mil,6,4,1179
Arthur,5,4,1180
Michel,9,4,1181
Nannette,7,2,1182
Ricoriki,6,1,1183
Lawton,2,4,1184
Pearline,10,4,1185
Sullivan,1,1,1186
Gib,6,5,1187
Halley,9,4,1188
Kain,2,4,1189
Silvanus,6,2,1190
Myrvyn,4,1,1191
Willie,3,4,1192
Shannen,2,5,1193
Adore,4,5,1194
Meryl,9,2,1195
Hayward,4,5,1196
Hasheem,9,1,1197
Timotheus,7,5,1198
Orlan,6,2,1199
Rudy,7,5,1200
